Player,Age,Pos,GP,G,A,PTS,+/-,PIM,S,S%,OPS,DPS,PS,Team,Playoffs,Season
Kevin Fiala,27.0,LW,5,0,7,7,-3,0,12,0.0,0.5,0.0,0.4,LAK,False,2024
Trevor Moore,28.0,LW,5,4,1,5,1,2,14,28.6,0.7,0.1,0.8,LAK,False,2024
Anže Kopitar,36.0,C,5,2,3,5,-3,2,9,22.2,0.4,0.0,0.4,LAK,False,2024
Pierre-Luc Dubois,25.0,LW,5,3,1,4,-1,4,15,20.0,0.5,0.0,0.5,LAK,False,2024
Carl Grundström,26.0,RW,5,3,1,4,1,2,7,42.9,0.6,0.1,0.7,LAK,False,2024
Phillip Danault,30.0,C,5,1,3,4,1,0,12,8.3,0.3,0.1,0.4,LAK,False,2024
Arthur Kaliyev,22.0,RW,3,1,2,3,3,6,4,25.0,0.3,0.1,0.4,LAK,False,2024
Adrian Kempe,27.0,LW,5,1,2,3,0,4,14,7.1,0.1,0.1,0.2,LAK,False,2024
Michael Anderson,24.0,D,5,0,3,3,0,4,4,0.0,0.2,0.1,0.3,LAK,False,2024
Vladislav Gavrikov,28.0,D,5,2,0,2,1,2,8,25.0,0.3,0.2,0.4,LAK,False,2024
Drew Doughty,34.0,D,5,1,1,2,0,2,9,11.1,0.1,0.1,0.3,LAK,False,2024
Blake Lizotte,26.0,C,5,1,1,2,2,2,4,25.0,0.2,0.1,0.3,LAK,False,2024
Trevor Lewis,37.0,C,5,0,2,2,0,0,3,0.0,0.1,0.0,0.1,LAK,False,2024
Matt Roy,28.0,D,5,0,2,2,2,10,11,0.0,0.1,0.2,0.3,LAK,False,2024
Quinton Byfield,21.0,C,5,1,0,1,1,2,8,12.5,0.0,0.1,0.1,LAK,False,2024
Alex Laferriere,22.0,RW,5,1,0,1,-2,7,17,5.9,0.0,0.0,0.0,LAK,False,2024
Andreas Englund,28.0,D,5,0,1,1,1,10,1,0.0,0.0,0.1,0.2,LAK,False,2024
Jaret Anderson-Dolan,24.0,C,1,0,0,0,0,0,1,0.0,0.0,0.0,0.0,LAK,False,2024
Tobias Björnfot,22.0,D,1,0,0,0,0,0,0,0.0,0.0,0.0,0.0,LAK,False,2024
Pheonix Copley,32.0,G,1,0,0,0,0,0,0,0.0,0.0,0.0,-0.2,LAK,False,2024
Jordan Spence,22.0,D,4,0,0,0,0,0,3,0.0,-0.1,0.0,0.0,LAK,False,2024
Cam Talbot,36.0,G,4,0,0,0,0,2,0,0.0,0.0,0.0,0.6,LAK,False,2024
Seth Jarvis,21.0,C,6,4,3,7,-3,2,18,22.2,0.7,-0.1,0.7,CAR,False,2024
Jesperi Kotkaniemi,23.0,C,6,3,4,7,-2,8,15,20.0,0.7,0.0,0.7,CAR,False,2024
Jaccob Slavin,29.0,D,6,3,4,7,5,2,16,18.8,0.8,0.4,1.2,CAR,False,2024
Martin Nečas,25.0,C,6,2,4,6,-6,2,16,12.5,0.5,-0.2,0.3,CAR,False,2024
Stefan Noesen,30.0,RW,6,1,5,6,1,4,5,20.0,0.5,0.1,0.5,CAR,False,2024
Brady Skjei,29.0,D,6,1,5,6,5,4,10,10.0,0.5,0.4,0.9,CAR,False,2024
Teuvo Teräväinen,29.0,F,6,4,1,5,-3,2,10,40.0,0.6,-0.1,0.5,CAR,False,2024
Michael Bunting,28.0,LW,6,2,3,5,-3,4,13,15.4,0.4,-0.1,0.3,CAR,False,2024
Brent Burns,38.0,D,6,2,2,4,2,0,14,14.3,0.4,0.1,0.6,CAR,False,2024
Jordan Staal,35.0,C,6,1,3,4,-2,4,8,12.5,0.2,0.0,0.2,CAR,False,2024
Sebastian Aho,26.0,F,3,1,2,3,0,4,8,12.5,0.2,0.0,0.2,CAR,False,2024
Anthony DeAngelo,28.0,D,6,0,3,3,-6,12,14,0.0,0.2,-0.4,-0.3,CAR,False,2024
Jesper Fast,32.0,RW,6,1,1,2,3,2,11,9.1,0.1,0.1,0.2,CAR,False,2024
Brett Pesce,29.0,D,5,1,1,2,3,4,7,14.3,0.2,0.2,0.4,CAR,False,2024
Dmitry Orlov,32.0,D,6,0,2,2,-10,4,8,0.0,0.1,-0.7,-0.7,CAR,False,2024
Brendan Lemieux,27.0,LW,5,1,0,1,-1,19,3,33.3,0.1,0.0,0.1,CAR,False,2024
Jack Drury,23.0,C,6,0,1,1,0,0,9,0.0,-0.1,0.0,-0.1,CAR,False,2024
Jordan Martinook,31.0,LW,6,0,1,1,1,8,13,0.0,-0.2,0.1,-0.1,CAR,False,2024
Frederik Andersen,34.0,G,3,0,0,0,0,0,0,0.0,0.0,0.0,0.0,CAR,False,2024
Callahan Burke,26.0,C,1,0,0,0,0,0,0,0.0,0.0,0.0,0.0,CAR,False,2024
Jalen Chatfield,27.0,D,4,0,0,0,0,4,3,0.0,-0.1,0.0,-0.1,CAR,False,2024
Pyotr Kochetkov,24.0,G,2,0,0,0,0,0,0,0.0,0.0,0.0,-0.1,CAR,False,2024
Antti Raanta,34.0,G,3,0,0,0,0,0,0,0.0,0.0,0.0,-0.2,CAR,False,2024
David Pastrňák,27.0,RW,5,5,3,8,5,0,23,21.7,1.0,0.3,1.3,BOS,False,2024
Brad Marchand,35.0,LW,5,4,3,7,4,8,15,26.7,0.8,0.3,1.1,BOS,False,2024
James van Riemsdyk,34.0,LW,5,3,1,4,1,0,12,25.0,0.5,0.1,0.6,BOS,False,2024
Matthew Poitras,19.0,C,5,2,1,3,3,0,8,25.0,0.3,0.2,0.5,BOS,False,2024
Charlie Coyle,31.0,C,5,0,3,3,2,8,6,0.0,0.1,0.2,0.3,BOS,False,2024
Charlie McAvoy,26.0,D,5,0,3,3,5,4,8,0.0,0.1,0.7,0.9,BOS,False,2024
Trent Frederic,25.0,C,5,1,1,2,2,7,11,9.1,0.1,0.2,0.3,BOS,False,2024
Morgan Geekie,25.0,C,5,1,1,2,5,2,8,12.5,0.1,0.3,0.4,BOS,False,2024
Brandon Carlo,27.0,D,5,0,2,2,2,0,7,0.0,0.1,0.4,0.5,BOS,False,2024
Derek Forbort,31.0,D,4,0,2,2,3,2,2,0.0,0.1,0.4,0.5,BOS,False,2024
Milan Lucic,35.0,LW,4,0,2,2,-1,2,1,0.0,0.1,0.0,0.1,BOS,False,2024
John Beecher,22.0,C,5,0,1,1,-1,9,5,0.0,0.0,0.0,0.0,BOS,False,2024
Jake DeBrusk,27.0,LW,4,0,1,1,2,4,10,0.0,-0.1,0.2,0.1,BOS,False,2024
Ian Mitchell,25.0,D,2,0,1,1,1,4,0,0.0,0.1,0.1,0.2,BOS,False,2024
Pavel Zacha,26.0,C,5,0,1,1,2,0,10,0.0,-0.2,0.2,0.0,BOS,False,2024
Patrick Brown,31.0,C,2,0,0,0,-1,0,1,0.0,0.0,0.0,-0.1,BOS,False,2024
Matt Grzelcyk,30.0,D,5,0,0,0,0,0,6,0.0,-0.1,0.2,0.1,BOS,False,2024
Jakub Lauko,23.0,C,5,0,0,0,-4,4,4,0.0,-0.1,-0.1,-0.2,BOS,False,2024
Hampus Lindholm,30.0,D,5,0,0,0,2,4,8,0.0,-0.1,0.5,0.3,BOS,False,2024
Kevin Shattenkirk,35.0,D,4,0,0,0,-1,0,5,0.0,-0.1,0.1,0.0,BOS,False,2024
Jeremy Swayman,25.0,G,2,0,0,0,0,0,0,0.0,0.0,0.0,0.7,BOS,False,2024
Linus Ullmark,30.0,G,3,0,0,0,0,0,0,0.0,0.0,0.0,0.9,BOS,False,2024
Brady Tkachuk,24.0,LW,5,4,2,6,3,15,20,20.0,0.7,0.2,0.9,OTT,False,2024
Jake Sanderson,21.0,D,5,3,3,6,2,2,9,33.3,0.7,0.2,1.0,OTT,False,2024
Tim Stützle,22.0,LW,5,2,4,6,0,8,21,9.5,0.5,0.1,0.5,OTT,False,2024
Vladimir Tarasenko,32.0,RW,5,2,4,6,4,0,10,20.0,0.6,0.2,0.8,OTT,False,2024
Jakob Chychrun,25.0,D,5,2,3,5,1,4,9,22.2,0.5,0.2,0.7,OTT,False,2024
Claude Giroux,36.0,C,5,1,4,5,2,8,13,7.7,0.3,0.1,0.4,OTT,False,2024
Mathieu Joseph,26.0,RW,5,2,2,4,3,2,10,20.0,0.4,0.2,0.5,OTT,False,2024
Ridly Greig,21.0,C,5,1,3,4,5,2,10,10.0,0.3,0.2,0.5,OTT,False,2024
Joshua Norris,24.0,C,2,2,1,3,1,0,8,25.0,0.4,0.1,0.4,OTT,False,2024
Artem Zub,28.0,D,4,1,2,3,3,4,2,50.0,0.3,0.3,0.6,OTT,False,2024
Parker Kelly,24.0,F,5,1,1,2,0,0,4,25.0,0.1,0.0,0.2,OTT,False,2024
Drake Batherson,25.0,C,5,0,2,2,-1,2,8,0.0,0.0,0.0,0.0,OTT,False,2024
Thomas Chabot,27.0,D,5,0,2,2,0,2,11,0.0,0.0,0.1,0.2,OTT,False,2024
Joonas Korpisalo,29.0,G,3,0,1,1,0,0,0,0.0,0.0,0.0,0.1,OTT,False,2024
Zack MacEwen,27.0,C,2,0,1,1,1,0,2,0.0,0.1,0.0,0.1,OTT,False,2024
Jacob Bernard-Docker,23.0,D,1,0,0,0,1,0,0,0.0,0.0,0.1,0.1,OTT,False,2024
Erik Brännström,24.0,D,5,0,0,0,2,2,9,0.0,-0.1,0.2,0.1,OTT,False,2024
Rourke Chartier,27.0,C,5,0,0,0,0,0,5,0.0,-0.2,0.0,-0.1,OTT,False,2024
Anton Forsberg,31.0,G,2,0,0,0,0,0,0,0.0,0.0,0.0,0.4,OTT,False,2024
Travis Hamonic,33.0,D,5,0,0,0,3,8,6,0.0,-0.1,0.3,0.2,OTT,False,2024
Mark Kastelic,24.0,C,5,0,0,0,-2,14,2,0.0,-0.1,-0.1,-0.2,OTT,False,2024
Dominik Kubalík,28.0,LW,5,0,0,0,1,2,6,0.0,-0.2,0.1,-0.1,OTT,False,2024
Sam Reinhart,28.0,C,5,6,2,8,5,2,19,31.6,1.1,0.2,1.3,FLA,False,2024
Evan Rodrigues,30.0,C,5,2,5,7,6,6,21,9.5,0.6,0.3,0.9,FLA,False,2024
Aleksander Barkov,28.0,C,5,1,5,6,5,2,13,7.7,0.4,0.2,0.6,FLA,False,2024
Matthew Tkachuk,26.0,LW,5,0,4,4,-2,9,21,0.0,0.1,0.0,0.1,FLA,False,2024
Dmitry Kulikov,33.0,D,5,0,3,3,3,8,4,0.0,0.2,0.3,0.5,FLA,False,2024
Carter Verhaeghe,28.0,C,5,2,0,2,0,2,13,15.4,0.1,0.1,0.2,FLA,False,2024
Oliver Ekman-Larsson,32.0,D,5,1,1,2,-1,2,14,7.1,0.1,0.1,0.2,FLA,False,2024
Josh Mahura,25.0,D,5,0,2,2,-1,6,6,0.0,0.1,0.0,0.1,FLA,False,2024
Niko Mikkola,27.0,D,5,1,0,1,2,6,7,14.3,0.1,0.2,0.3,FLA,False,2024
Kevin Stenlund,27.0,C,5,1,0,1,0,2,7,14.3,0.0,0.0,0.1,FLA,False,2024
Uvis Balinskis,27.0,D,5,0,0,0,0,6,3,0.0,-0.1,0.1,0.0,FLA,False,2024
Sergei Bobrovsky,35.0,G,5,0,0,0,0,0,0,0.0,0.0,0.0,0.7,FLA,False,2024
Nick Cousins,30.0,C,5,0,0,0,-1,4,6,0.0,-0.1,0.0,-0.1,FLA,False,2024
Gustav Forsling,27.0,D,5,0,0,0,3,2,5,0.0,-0.2,0.3,0.2,FLA,False,2024
Ryan Lomberg,29.0,LW,5,0,0,0,1,0,8,0.0,-0.1,0.1,-0.1,FLA,False,2024
Steven Lorentz,27.0,C,5,0,0,0,-1,0,3,0.0,-0.1,0.0,-0.1,FLA,False,2024
Anton Lundell,22.0,C,5,0,0,0,-1,0,3,0.0,-0.2,0.0,-0.2,FLA,False,2024
Eetu Luostarinen,25.0,C,5,0,0,0,-1,2,5,0.0,-0.2,0.0,-0.2,FLA,False,2024
Mackie Samoskevich,21.0,RW,2,0,0,0,-2,0,4,0.0,-0.1,-0.1,-0.1,FLA,False,2024
Justin Sourdif,21.0,RW,3,0,0,0,0,0,2,0.0,-0.1,0.0,-0.1,FLA,False,2024
Joe Pavelski,39.0,C,4,3,2,5,0,2,11,27.3,0.6,0.1,0.7,DAL,False,2024
Miro Heiskanen,24.0,D,4,1,3,4,-1,0,10,10.0,0.4,0.2,0.6,DAL,False,2024
Wyatt Johnston,20.0,C,4,1,3,4,1,0,9,11.1,0.3,0.2,0.4,DAL,False,2024
Jamie Benn,34.0,LW,4,2,1,3,0,5,6,33.3,0.3,0.1,0.4,DAL,False,2024
Roope Hintz,27.0,LW,3,2,1,3,0,0,9,22.2,0.4,0.1,0.4,DAL,False,2024
Tyler Seguin,32.0,C,4,1,2,3,-1,2,7,14.3,0.2,0.1,0.3,DAL,False,2024
Jason Robertson,24.0,LW,4,0,2,2,1,2,7,0.0,0.0,0.2,0.2,DAL,False,2024
Craig Smith,34.0,C,4,1,0,1,1,0,3,33.3,0.1,0.1,0.2,DAL,False,2024
Ty Dellandrea,23.0,C,2,0,1,1,-1,2,3,0.0,0.0,0.0,0.0,DAL,False,2024
Thomas Harley,22.0,D,4,0,1,1,4,0,2,0.0,0.0,0.5,0.5,DAL,False,2024
Sam Steel,25.0,C,3,0,1,1,-1,0,3,0.0,0.0,0.0,0.0,DAL,False,2024
Ryan Suter,39.0,D,4,0,1,1,1,4,8,0.0,0.0,0.3,0.3,DAL,False,2024
Evgenii Dadonov,34.0,RW,4,0,0,0,-2,0,4,0.0,-0.2,0.0,-0.1,DAL,False,2024
Matt Duchene,33.0,C,4,0,0,0,-1,2,9,0.0,-0.2,0.1,-0.1,DAL,False,2024
Radek Faksa,30.0,C,4,0,0,0,-1,0,4,0.0,-0.1,0.0,-0.1,DAL,False,2024
Jani Hakanpää,31.0,D,4,0,0,0,-1,9,3,0.0,-0.1,0.1,0.0,DAL,False,2024
Esa Lindell,29.0,D,4,0,0,0,-2,2,6,0.0,-0.1,0.1,0.0,DAL,False,2024
Nils Lundkvist,23.0,D,4,0,0,0,1,0,2,0.0,-0.1,0.3,0.2,DAL,False,2024
Mason Marchment,28.0,F,4,0,0,0,0,11,3,0.0,-0.1,0.1,-0.1,DAL,False,2024
Jake Oettinger,25.0,G,3,0,0,0,0,0,0,0.0,0.0,0.0,0.8,DAL,False,2024
Scott Wedgewood,31.0,G,1,0,0,0,0,0,0,0.0,0.0,0.0,0.2,DAL,False,2024
Clayton Keller,25.0,C,5,3,3,6,0,4,18,16.7,0.6,0.2,0.8,ARI,False,2024
Nick Schmaltz,27.0,C,5,2,4,6,0,0,12,16.7,0.5,0.2,0.7,ARI,False,2024
Sean Durzi,25.0,D,5,2,2,4,2,4,14,14.3,0.4,0.6,1.0,ARI,False,2024
Logan Cooley,19.0,C,5,0,4,4,1,2,5,0.0,0.1,0.2,0.3,ARI,False,2024
Matias Maccelli,23.0,LW,5,0,3,3,1,2,9,0.0,0.1,0.2,0.2,ARI,False,2024
Juuso Välimäki,25.0,D,5,0,3,3,-1,0,3,0.0,0.2,0.3,0.4,ARI,False,2024
Jason Zucker,32.0,LW,5,2,0,2,1,6,14,14.3,0.2,0.1,0.4,ARI,False,2024
Nick Bjugstad,31.0,C,5,1,0,1,0,16,10,10.0,0.0,0.1,0.1,ARI,False,2024
Michael Carcone,27.0,F,4,1,0,1,1,4,4,25.0,0.1,0.1,0.2,ARI,False,2024
Mathew Dumba,29.0,D,5,1,0,1,0,14,8,12.5,0.1,0.4,0.5,ARI,False,2024
Travis Boyd,30.0,C,1,0,0,0,0,0,0,0.0,0.0,0.0,0.0,ARI,False,2024
Josh Brown,30.0,D,2,0,0,0,0,0,1,0.0,0.0,0.1,0.1,ARI,False,2024
Lawson Crouse,26.0,LW,5,0,0,0,1,4,4,0.0,-0.2,0.2,0.0,ARI,False,2024
Travis Dermott,27.0,D,5,0,0,0,0,4,5,0.0,-0.1,0.3,0.2,ARI,False,2024
Barrett Hayton,23.0,C,5,0,0,0,1,14,15,0.0,-0.3,0.2,-0.1,ARI,False,2024
Connor Ingram,26.0,G,2,0,0,0,0,0,0,0.0,0.0,0.0,0.4,ARI,False,2024
Alexander Kerfoot,29.0,C,5,0,0,0,0,0,4,0.0,-0.2,0.1,-0.1,ARI,False,2024
Jack McBain,24.0,C,5,0,0,0,0,0,4,0.0,-0.2,0.1,-0.1,ARI,False,2024
J.J. Moser,23.0,D,5,0,0,0,1,2,4,0.0,-0.1,0.4,0.3,ARI,False,2024
Liam O'Brien,29.0,C,5,0,0,0,0,15,4,0.0,-0.1,0.1,-0.1,ARI,False,2024
Troy Stecher,29.0,D,3,0,0,0,-1,2,5,0.0,-0.1,0.1,0.1,ARI,False,2024
Karel Vejmelka,27.0,G,3,0,0,0,0,0,0,0.0,0.0,0.0,1.1,ARI,False,2024
Brock Nelson,32.0,C,4,3,1,4,4,0,14,21.4,0.5,0.2,0.7,NYI,False,2024
Kyle Palmieri,32.0,RW,4,1,3,4,3,0,11,9.1,0.3,0.2,0.5,NYI,False,2024
Bo Horvat,28.0,C,4,2,1,3,3,2,16,12.5,0.2,0.2,0.4,NYI,False,2024
Mathew Barzal,26.0,C,4,1,2,3,2,2,15,6.7,0.2,0.1,0.3,NYI,False,2024
Noah Dobson,24.0,D,4,1,2,3,3,0,13,7.7,0.3,0.4,0.7,NYI,False,2024
Pierre Engvall,27.0,LW,4,0,2,2,0,4,2,0.0,0.0,0.1,0.1,NYI,False,2024
Casey Cizikas,32.0,C,4,1,0,1,-1,6,5,20.0,0.0,0.0,0.1,NYI,False,2024
Cal Clutterbuck,36.0,RW,4,0,1,1,-1,0,5,0.0,0.0,0.0,0.0,NYI,False,2024
Anders Lee,33.0,LW,4,0,1,1,1,0,7,0.0,-0.1,0.1,0.0,NYI,False,2024
Matt Martin,34.0,LW,4,0,1,1,0,2,3,0.0,0.0,0.0,0.0,NYI,False,2024
Adam Pelech,29.0,D,4,0,1,1,2,11,3,0.0,0.0,0.3,0.3,NYI,False,2024
Ryan Pulock,29.0,D,4,0,1,1,0,2,1,0.0,0.0,0.2,0.2,NYI,False,2024
Sebastian Aho,27.0,D,4,0,0,0,-1,0,5,0.0,-0.1,0.1,0.0,NYI,False,2024
Samuel Bolduc,23.0,D,3,0,0,0,-1,0,1,0.0,0.0,0.0,0.0,NYI,False,2024
Hudson Fasching,28.0,RW,3,0,0,0,0,4,3,0.0,-0.1,0.0,-0.1,NYI,False,2024
Julien Gauthier,26.0,RW,1,0,0,0,-1,0,1,0.0,0.0,0.0,-0.1,NYI,False,2024
Simon Holmström,22.0,RW,3,0,0,0,1,0,1,0.0,-0.1,0.1,0.0,NYI,False,2024
Scott Mayfield,31.0,D,1,0,0,0,0,0,2,0.0,0.0,0.0,0.0,NYI,False,2024
Jean-Gabriel Pageau,31.0,C,4,0,0,0,-3,0,6,0.0,-0.2,0.0,-0.2,NYI,False,2024
Alexander Romanov,24.0,D,4,0,0,0,1,2,5,0.0,-0.1,0.3,0.2,NYI,False,2024
Ilya Sorokin,28.0,G,3,0,0,0,0,0,0,0.0,0.0,0.0,0.5,NYI,False,2024
Semyon Varlamov,35.0,G,1,0,0,0,0,0,0,0.0,0.0,0.0,0.3,NYI,False,2024
Oliver Wahlstrom,23.0,RW,1,0,0,0,1,0,1,0.0,0.0,0.0,0.0,NYI,False,2024
Alex DeBrincat,26.0,RW,6,8,4,12,7,0,19,42.1,1.7,0.3,2.0,DET,False,2024
Dylan Larkin,27.0,C,6,3,8,11,5,9,27,11.1,1.1,0.2,1.4,DET,False,2024
Shayne Gostisbehere,30.0,D,6,2,4,6,3,0,12,16.7,0.7,0.4,1.0,DET,False,2024
Lucas Raymond,21.0,LW,6,1,4,5,5,2,14,7.1,0.3,0.2,0.6,DET,False,2024
Moritz Seider,22.0,D,6,1,4,5,-1,4,6,16.7,0.4,0.1,0.5,DET,False,2024
Andrew Copp,29.0,C,6,3,1,4,0,2,23,13.0,0.4,0.1,0.5,DET,False,2024
Joe Veleno,24.0,C,6,3,1,4,4,2,7,42.9,0.5,0.2,0.7,DET,False,2024
David Perron,35.0,LW,6,2,2,4,-2,4,11,18.2,0.4,0.0,0.3,DET,False,2024
Daniel Sprong,26.0,RW,6,2,2,4,4,4,13,15.4,0.4,0.2,0.6,DET,False,2024
J.T. Compher,28.0,LW,6,1,3,4,2,2,7,14.3,0.2,0.1,0.3,DET,False,2024
Jake Walman,27.0,D,6,1,2,3,1,8,8,12.5,0.3,0.2,0.5,DET,False,2024
Justin Holl,32.0,D,5,0,3,3,9,2,1,0.0,0.2,0.7,0.9,DET,False,2024
Ben Chiarot,32.0,D,6,1,1,2,6,2,8,12.5,0.2,0.6,0.7,DET,False,2024
Michael Rasmussen,24.0,C,6,1,1,2,1,9,7,14.3,0.0,0.1,0.1,DET,False,2024
Jeff Petry,36.0,D,4,0,2,2,-1,6,4,0.0,0.1,0.0,0.1,DET,False,2024
Robby Fabbri,28.0,C,1,1,0,1,0,0,2,50.0,0.2,0.0,0.2,DET,False,2024
Austin Czarnik,31.0,C,4,0,1,1,2,2,3,0.0,0.0,0.1,0.1,DET,False,2024
Christian Fischer,26.0,RW,6,0,1,1,0,2,7,0.0,-0.1,0.0,0.0,DET,False,2024
Olli Määttä,29.0,D,5,0,1,1,1,2,4,0.0,0.0,0.2,0.2,DET,False,2024
Jonatan Berggren,23.0,RW,1,0,0,0,0,0,1,0.0,0.0,0.0,0.0,DET,False,2024
Ville Husso,28.0,G,4,0,0,0,0,0,0,0.0,0.0,0.0,0.6,DET,False,2024
Klim Kostin,24.0,C,4,0,0,0,-1,7,3,0.0,-0.1,0.0,-0.1,DET,False,2024
James Reimer,35.0,G,2,0,0,0,0,2,0,0.0,0.0,0.0,0.6,DET,False,2024
John Carlson,34.0,D,4,1,2,3,0,0,11,9.1,0.2,0.3,0.5,WSH,False,2024
Matthew Phillips,25.0,F,4,1,2,3,1,0,3,33.3,0.2,0.1,0.3,WSH,False,2024
Dylan Strome,26.0,C,4,2,0,2,2,0,9,22.2,0.2,0.2,0.4,WSH,False,2024
Alex Ovechkin,38.0,LW,4,0,2,2,-1,4,9,0.0,0.0,0.1,0.0,WSH,False,2024
Connor McMichael,23.0,C,4,1,0,1,-2,0,6,16.7,0.0,0.0,0.0,WSH,False,2024
Evgeny Kuznetsov,31.0,C,4,0,1,1,0,6,8,0.0,-0.1,0.1,0.0,WSH,False,2024
Sonny Milano,27.0,LW,4,0,1,1,-1,4,2,0.0,0.0,0.0,0.0,WSH,False,2024
Tom Wilson,29.0,RW,4,0,1,1,-1,20,6,0.0,-0.1,0.1,0.0,WSH,False,2024
Alexander Alexeyev,24.0,D,1,0,0,0,0,0,0,0.0,0.0,0.0,0.0,WSH,False,2024
Nicklas Bäckström,36.0,C,4,0,0,0,-2,0,7,0.0,-0.2,0.0,-0.2,WSH,False,2024
Nic Dowd,33.0,C,2,0,0,0,-1,0,0,0.0,-0.1,0.0,-0.1,WSH,False,2024
Martin Fehérváry,24.0,D,4,0,0,0,-1,4,4,0.0,-0.1,0.1,0.0,WSH,False,2024
Hardy Haman Aktell,25.0,D,1,0,0,0,-1,2,1,0.0,0.0,0.0,-0.1,WSH,False,2024
Nick Jensen,33.0,D,4,0,0,0,-2,0,3,0.0,-0.1,0.1,0.0,WSH,False,2024
Lucas Johansen,26.0,D,2,0,0,0,-3,0,2,0.0,0.0,-0.1,-0.2,WSH,False,2024
Darcy Kuemper,33.0,G,3,0,0,0,0,0,0,0.0,0.0,0.0,0.4,WSH,False,2024
Charlie Lindgren,30.0,G,1,0,0,0,0,0,0,0.0,0.0,0.0,0.1,WSH,False,2024
Beck Malenstyn,25.0,LW,4,0,0,0,-1,0,4,0.0,-0.1,0.0,-0.1,WSH,False,2024
Anthony Mantha,29.0,RW,3,0,0,0,-1,0,2,0.0,-0.1,0.0,-0.1,WSH,False,2024
T.J. Oshie,37.0,C,4,0,0,0,-2,4,11,0.0,-0.2,0.0,-0.2,WSH,False,2024
Aliaksei Protas,23.0,C,3,0,0,0,-3,2,4,0.0,-0.1,-0.1,-0.2,WSH,False,2024
Rasmus Sandin,23.0,D,4,0,0,0,-2,4,3,0.0,-0.1,0.1,0.0,WSH,False,2024
Trevor van Riemsdyk,32.0,D,4,0,0,0,-1,2,4,0.0,-0.1,0.2,0.1,WSH,False,2024
Joel Eriksson Ek,27.0,C,5,4,3,7,0,18,16,25.0,0.8,0.1,0.9,MIN,False,2024
Mats Zuccarello,36.0,LW,5,1,6,7,-5,0,10,10.0,0.5,-0.1,0.4,MIN,False,2024
Kirill Kaprizov,26.0,LW,5,2,4,6,-5,0,19,10.5,0.5,-0.1,0.4,MIN,False,2024
Connor Dewar,24.0,C,5,2,1,3,-1,2,3,66.7,0.3,0.0,0.3,MIN,False,2024
Jonas Brodin,30.0,D,5,1,2,3,5,0,9,11.1,0.2,0.5,0.8,MIN,False,2024
Marcus Johansson,33.0,C,5,1,2,3,0,0,5,20.0,0.1,0.1,0.2,MIN,False,2024
Dakota Mermis,30.0,D,3,1,2,3,-1,17,3,33.3,0.3,0.0,0.3,MIN,False,2024
Pat Maroon,35.0,LW,5,0,3,3,0,2,8,0.0,0.1,0.1,0.2,MIN,False,2024
Brandon Duhaime,26.0,RW,5,2,0,2,0,7,10,20.0,0.2,0.1,0.3,MIN,False,2024
Matt Boldy,22.0,LW,2,1,1,2,1,2,6,16.7,0.2,0.1,0.3,MIN,False,2024
Brock Faber,21.0,D,5,1,1,2,2,2,6,16.7,0.1,0.3,0.5,MIN,False,2024
Ryan Hartman,29.0,RW,5,1,1,2,-1,4,10,10.0,0.0,0.1,0.1,MIN,False,2024
Calen Addison,23.0,D,5,0,2,2,-2,2,10,0.0,0.1,0.0,0.1,MIN,False,2024
Jacob Middleton,28.0,D,5,0,2,2,-7,2,5,0.0,0.1,-0.4,-0.3,MIN,False,2024
Marco Rossi,22.0,C,5,1,0,1,-2,0,13,7.7,0.0,0.0,0.0,MIN,False,2024
Marcus Foligno,32.0,LW,5,0,1,1,0,9,3,0.0,-0.1,0.1,0.0,MIN,False,2024
Jonathon Merrill,31.0,D,5,0,1,1,0,2,1,0.0,0.0,0.1,0.1,MIN,False,2024
Marc-André Fleury,39.0,G,2,0,0,0,0,0,0,0.0,0.0,0.0,0.1,MIN,False,2024
Frédérick Gaudreau,30.0,C,5,0,0,0,-1,0,9,0.0,-0.2,0.0,-0.2,MIN,False,2024
Alex Goligoski,38.0,D,2,0,0,0,-3,4,1,0.0,0.0,-0.2,-0.2,MIN,False,2024
Filip Gustavsson,25.0,G,3,0,0,0,0,0,0,0.0,0.0,0.0,0.7,MIN,False,2024
Samuel Walker,24.0,C,2,0,0,0,-2,0,1,0.0,-0.1,-0.1,-0.1,MIN,False,2024
Jakub Vrána,27.0,LW,4,1,2,3,2,0,7,14.3,0.2,0.1,0.4,STL,False,2024
Robert Thomas,24.0,C,4,0,3,3,1,0,6,0.0,0.1,0.1,0.2,STL,False,2024
Brandon Saad,31.0,LW,4,2,0,2,1,0,11,18.2,0.2,0.1,0.3,STL,False,2024
Sammy Blais,27.0,LW,4,1,1,2,2,2,4,25.0,0.1,0.1,0.3,STL,False,2024
Jordan Kyrou,25.0,C,4,1,1,2,0,0,13,7.7,0.1,0.1,0.1,STL,False,2024
Kasperi Kapanen,27.0,RW,4,0,2,2,-1,0,4,0.0,0.0,0.0,0.0,STL,False,2024
Jake Neighbours,21.0,LW,4,1,0,1,0,0,4,25.0,0.0,0.1,0.1,STL,False,2024
Colton Parayko,30.0,D,4,1,0,1,1,2,7,14.3,0.1,0.2,0.3,STL,False,2024
Tyler Tucker,23.0,D,4,1,0,1,1,0,4,25.0,0.1,0.2,0.3,STL,False,2024
Justin Faulk,31.0,D,4,0,1,1,2,2,8,0.0,0.0,0.3,0.3,STL,False,2024
Kevin Hayes,31.0,RW,4,0,1,1,1,2,2,0.0,-0.1,0.1,0.0,STL,False,2024
Marco Scandella,33.0,D,4,0,1,1,1,2,2,0.0,0.0,0.2,0.2,STL,False,2024
Oskar Sundqvist,29.0,C,4,0,1,1,0,0,5,0.0,-0.1,0.1,0.0,STL,False,2024
Alexey Toropchenko,24.0,RW,4,0,1,1,0,4,4,0.0,-0.1,0.1,0.0,STL,False,2024
Nikita Alexandrov,23.0,C,2,0,0,0,0,0,1,0.0,-0.1,0.0,0.0,STL,False,2024
Jordan Binnington,30.0,G,3,0,0,0,0,0,0,0.0,0.0,0.0,1.1,STL,False,2024
Pavel Buchnevich,28.0,LW,2,0,0,0,0,0,0,0.0,-0.1,0.0,0.0,STL,False,2024
Joel Hofer,23.0,G,1,0,0,0,0,0,0,0.0,0.0,0.0,0.0,STL,False,2024
Torey Krug,32.0,D,4,0,0,0,-1,0,5,0.0,-0.1,0.1,0.0,STL,False,2024
Nick Leddy,32.0,D,4,0,0,0,1,0,4,0.0,-0.1,0.2,0.1,STL,False,2024
Brayden Schenn,32.0,C,4,0,0,0,-1,4,5,0.0,-0.2,0.0,-0.2,STL,False,2024
Mikko Rantanen,27.0,RW,5,4,4,8,4,0,19,21.1,0.9,0.3,1.1,COL,False,2024
Nathan MacKinnon,28.0,C,5,3,3,6,3,6,31,9.7,0.6,0.2,0.8,COL,False,2024
Artturi Lehkonen,28.0,LW,5,2,4,6,0,2,22,9.1,0.5,0.1,0.6,COL,False,2024
Cale Makar,25.0,D,5,2,4,6,6,6,15,13.3,0.6,0.7,1.3,COL,False,2024
Logan O'Connor,27.0,RW,5,3,1,4,3,10,8,37.5,0.5,0.2,0.7,COL,False,2024
Valeri Nichushkin,28.0,RW,5,1,3,4,4,4,11,9.1,0.2,0.3,0.5,COL,False,2024
Ryan Johansen,31.0,C,5,2,1,3,2,2,10,20.0,0.3,0.2,0.4,COL,False,2024
Devon Toews,29.0,D,5,1,2,3,5,2,8,12.5,0.2,0.6,0.9,COL,False,2024
Andrew Cogliano,36.0,LW,4,0,3,3,4,2,2,0.0,0.2,0.2,0.4,COL,False,2024
Tomáš Tatar,33.0,LW,5,0,3,3,1,0,1,0.0,0.1,0.1,0.2,COL,False,2024
Fredrik Olofsson,27.0,LW,5,1,0,1,0,0,8,12.5,0.0,0.1,0.1,COL,False,2024
Miles Wood,28.0,LW,5,1,0,1,-1,2,11,9.1,0.0,0.0,0.1,COL,False,2024
Bowen Byram,22.0,D,5,0,1,1,1,14,4,0.0,0.0,0.3,0.3,COL,False,2024
Ross Colton,27.0,C,5,0,1,1,1,2,10,0.0,-0.1,0.1,0.0,COL,False,2024
Jonathan Drouin,28.0,LW,5,0,1,1,1,4,8,0.0,-0.1,0.1,0.0,COL,False,2024
Samuel Girard,25.0,D,5,0,1,1,1,0,6,0.0,0.0,0.3,0.3,COL,False,2024
Jack Johnson,37.0,D,5,0,1,1,2,0,4,0.0,0.0,0.3,0.3,COL,False,2024
Josh Manson,32.0,D,5,0,1,1,0,2,8,0.0,0.0,0.2,0.2,COL,False,2024
Alexandar Georgiev,27.0,G,5,0,0,0,0,0,0,0.0,0.0,0.0,1.3,COL,False,2024
Kurtis MacDermid,29.0,D,1,0,0,0,0,2,0,0.0,0.0,0.0,0.0,COL,False,2024
Boone Jenner,30.0,C,5,4,1,5,1,4,16,25.0,0.6,0.2,0.7,CBJ,False,2024
Justin Danforth,30.0,RW,5,3,1,4,3,0,10,30.0,0.5,0.2,0.7,CBJ,False,2024
Ivan Provorov,27.0,D,5,0,4,4,-1,2,5,0.0,0.2,0.1,0.4,CBJ,False,2024
Zach Werenski,26.0,D,3,1,2,3,1,0,9,11.1,0.3,0.2,0.5,CBJ,False,2024
Johnny Gaudreau,30.0,LW,5,0,3,3,1,2,19,0.0,0.0,0.2,0.2,CBJ,False,2024
Kirill Marchenko,23.0,RW,5,0,3,3,1,2,15,0.0,0.1,0.1,0.2,CBJ,False,2024
Jake Bean,25.0,D,5,1,1,2,1,2,10,10.0,0.2,0.2,0.4,CBJ,False,2024
Adam Fantilli,19.0,C,5,1,1,2,-3,0,11,9.1,0.1,0.0,0.1,CBJ,False,2024
David Jiříček,20.0,D,4,1,1,2,-1,4,2,50.0,0.2,0.0,0.3,CBJ,False,2024
Kent Johnson,21.0,C,4,1,1,2,0,0,6,16.7,0.1,0.1,0.2,CBJ,False,2024
Patrik Laine,25.0,RW,4,1,1,2,-2,0,9,11.1,0.1,0.0,0.1,CBJ,False,2024
Jack Roslovic,27.0,C,4,1,1,2,1,0,9,11.1,0.2,0.1,0.2,CBJ,False,2024
Damon Severson,29.0,D,5,0,2,2,4,4,4,0.0,0.1,0.5,0.5,CBJ,False,2024
Cole Sillinger,20.0,C,5,0,2,2,0,7,4,0.0,0.0,0.1,0.1,CBJ,False,2024
Sean Kuraly,31.0,C,5,1,0,1,0,6,6,16.7,0.0,0.1,0.1,CBJ,False,2024
Mathieu Olivier,26.0,F,2,0,1,1,-1,2,0,0.0,0.0,0.0,0.0,CBJ,False,2024
Emil Bemström,24.0,C,4,0,0,0,0,0,7,0.0,-0.1,0.1,-0.1,CBJ,False,2024
Adam Boqvist,23.0,D,2,0,0,0,-1,0,2,0.0,0.0,0.0,-0.1,CBJ,False,2024
Liam Foudy,23.0,C,1,0,0,0,0,0,0,0.0,0.0,0.0,0.0,CBJ,False,2024
Erik Gudbranson,32.0,D,5,0,0,0,-1,9,8,0.0,-0.1,0.1,0.0,CBJ,False,2024
Spencer Martin,28.0,G,3,0,0,0,0,0,0,0.0,0.0,0.0,0.5,CBJ,False,2024
Elvis Merzļikins,29.0,G,3,0,0,0,0,0,0,0.0,0.0,0.0,0.6,CBJ,False,2024
Andrew Peeke,25.0,D,1,0,0,0,-1,0,0,0.0,0.0,0.0,-0.1,CBJ,False,2024
Eric Robinson,28.0,LW,1,0,0,0,-1,0,0,0.0,0.0,0.0,-0.1,CBJ,False,2024
Alexandre Texier,24.0,C,5,0,0,0,-4,2,8,0.0,-0.2,0.0,-0.3,CBJ,False,2024
Evgeni Malkin,37.0,C,5,4,4,8,1,6,20,20.0,0.9,0.1,1.0,PIT,False,2024
Jake Guentzel,29.0,C,5,1,5,6,-1,0,11,9.1,0.4,0.1,0.5,PIT,False,2024
Sidney Crosby,36.0,C,5,3,2,5,-1,2,18,16.7,0.5,0.1,0.6,PIT,False,2024
Bryan Rust,31.0,RW,5,4,0,4,0,2,15,26.7,0.5,0.1,0.6,PIT,False,2024
Reilly Smith,32.0,RW,5,2,2,4,3,0,14,14.3,0.4,0.2,0.5,PIT,False,2024
Erik Karlsson,33.0,D,5,1,3,4,1,0,14,7.1,0.3,0.3,0.6,PIT,False,2024
Kris Letang,36.0,D,5,0,4,4,2,4,10,0.0,0.2,0.4,0.6,PIT,False,2024
Lars Eller,34.0,C,5,0,2,2,1,6,13,0.0,0.0,0.1,0.1,PIT,False,2024
Ryan Graves,28.0,D,5,0,2,2,2,4,7,0.0,0.1,0.3,0.4,PIT,False,2024
Marcus Pettersson,27.0,D,5,0,2,2,4,10,5,0.0,0.1,0.5,0.5,PIT,False,2024
Radim Zohorna,27.0,F,1,1,0,1,1,0,3,33.3,0.2,0.0,0.2,PIT,False,2024
Drew O'Connor,25.0,F,5,0,1,1,0,0,5,0.0,-0.1,0.1,0.0,PIT,False,2024
Rickard Rakell,30.0,RW,5,0,1,1,2,2,15,0.0,-0.1,0.2,0.0,PIT,False,2024
Noel Acciari,32.0,C,5,0,0,0,-2,0,5,0.0,-0.2,0.0,-0.2,PIT,False,2024
Jeff Carter,39.0,C,5,0,0,0,-1,2,4,0.0,-0.2,0.0,-0.1,PIT,False,2024
Jansen Harkins,26.0,C,4,0,0,0,-1,2,4,0.0,-0.1,0.0,-0.1,PIT,False,2024
Tristan Jarry,28.0,G,4,0,0,0,0,0,0,0.0,0.0,0.0,0.4,PIT,False,2024
Pierre-Olivier Joseph,24.0,D,4,0,0,0,-3,0,5,0.0,-0.1,-0.1,-0.2,PIT,False,2024
Alex Nedeljkovic,28.0,G,1,0,0,0,0,0,0,0.0,0.0,0.0,0.3,PIT,False,2024
Matthew Nieto,31.0,LW,5,0,0,0,-1,4,2,0.0,-0.2,0.0,-0.1,PIT,False,2024
Chad Ruhwedel,33.0,D,5,0,0,0,-3,0,0,0.0,-0.1,-0.1,-0.2,PIT,False,2024
Ryan Shea,26.0,D,1,0,0,0,-1,0,1,0.0,0.0,-0.1,-0.1,PIT,False,2024
Elias Pettersson,25.0,C,5,2,8,10,5,0,12,16.7,0.9,0.2,1.1,VAN,False,2024
J.T. Miller,30.0,C,5,2,6,8,4,4,14,14.3,0.7,0.2,0.9,VAN,False,2024
Brock Boeser,26.0,RW,5,6,1,7,5,0,17,35.3,1.0,0.2,1.2,VAN,False,2024
Quinn Hughes,24.0,D,5,1,4,5,6,0,18,5.6,0.4,0.5,1.0,VAN,False,2024
Andrei Kuzmenko,27.0,F,5,2,2,4,3,0,6,33.3,0.4,0.1,0.5,VAN,False,2024
Nils Höglander,23.0,LW,4,1,2,3,2,0,2,50.0,0.3,0.1,0.4,VAN,False,2024
Filip Hronek,26.0,D,5,0,3,3,5,6,12,0.0,0.1,0.5,0.6,VAN,False,2024
Conor Garland,27.0,RW,5,1,1,2,0,2,8,12.5,0.1,0.0,0.1,VAN,False,2024
Sam Lafferty,28.0,C,5,1,1,2,0,14,7,14.3,0.1,0.0,0.1,VAN,False,2024
Tyler Myers,33.0,D,5,1,1,2,2,6,5,20.0,0.2,0.2,0.4,VAN,False,2024
Phillip Di Giuseppe,30.0,LW,5,0,2,2,5,2,4,0.0,0.0,0.2,0.2,VAN,False,2024
Dakota Joshua,27.0,C,5,1,0,1,-1,9,4,25.0,0.0,0.0,0.0,VAN,False,2024
Carson Soucy,29.0,D,3,1,0,1,0,2,2,50.0,0.1,0.0,0.2,VAN,False,2024
Jack Studnicka,24.0,C,4,1,0,1,1,0,4,25.0,0.1,0.0,0.2,VAN,False,2024
Noah Juulsen,26.0,D,3,0,1,1,-1,4,1,0.0,0.0,0.0,0.0,VAN,False,2024
Ilya Mikheyev,29.0,F,1,0,1,1,0,0,4,0.0,0.1,0.0,0.1,VAN,False,2024
Anthony Beauvillier,26.0,LW,5,0,0,0,0,0,6,0.0,-0.2,0.0,-0.2,VAN,False,2024
Ian Cole,34.0,D,5,0,0,0,2,8,3,0.0,-0.1,0.2,0.1,VAN,False,2024
Thatcher Demko,28.0,G,3,0,0,0,0,0,0,0.0,0.0,0.0,0.8,VAN,False,2024
Casey DeSmith,32.0,G,3,0,0,0,0,0,0,0.0,0.0,0.0,0.6,VAN,False,2024
Mark Friedman,28.0,D,2,0,0,0,0,5,0,0.0,0.0,0.0,0.0,VAN,False,2024
Akito Hirose,24.0,D,2,0,0,0,0,0,0,0.0,0.0,0.0,0.0,VAN,False,2024
Pius Suter,27.0,F,5,0,0,0,-2,2,4,0.0,-0.2,0.0,-0.2,VAN,False,2024
William Nylander,27.0,C,5,4,5,9,-2,2,20,20.0,1.0,0.0,1.0,TOR,False,2024
John Tavares,33.0,C,5,2,7,9,0,0,23,8.7,0.8,0.1,0.9,TOR,False,2024
Auston Matthews,26.0,C,5,6,0,6,-1,0,30,20.0,0.8,0.1,0.9,TOR,False,2024
Mitch Marner,26.0,RW,5,1,3,4,-1,2,18,5.6,0.2,0.1,0.2,TOR,False,2024
John Klingberg,31.0,D,5,0,4,4,-2,4,5,0.0,0.3,0.1,0.3,TOR,False,2024
Matthew Knies,21.0,LW,5,2,1,3,1,6,8,25.0,0.3,0.1,0.4,TOR,False,2024
Max Domi,28.0,LW,5,0,3,3,-1,2,6,0.0,0.1,0.0,0.1,TOR,False,2024
Morgan Rielly,29.0,D,5,0,3,3,1,0,12,0.0,0.1,0.3,0.4,TOR,False,2024
Calle Järnkrok,32.0,C,5,1,1,2,2,2,8,12.5,0.1,0.1,0.2,TOR,False,2024
Tyler Bertuzzi,28.0,LW,5,1,0,1,2,10,11,9.1,0.0,0.1,0.1,TOR,False,2024
Noah Gregor,25.0,C,5,1,0,1,-2,7,14,7.1,0.1,0.0,0.0,TOR,False,2024
T.J. Brodie,33.0,D,5,0,1,1,1,0,7,0.0,0.0,0.3,0.2,TOR,False,2024
Mark Giordano,40.0,D,5,0,1,1,0,0,10,0.0,0.0,0.2,0.2,TOR,False,2024
David Kämpf,29.0,C,5,0,1,1,-1,2,3,0.0,-0.1,0.0,0.0,TOR,False,2024
Pontus Holmberg,24.0,RW,1,0,0,0,0,0,2,0.0,0.0,0.0,0.0,TOR,False,2024
Timothy Liljegren,24.0,D,5,0,0,0,0,0,5,0.0,-0.1,0.2,0.1,TOR,False,2024
Jake McCabe,30.0,D,5,0,0,0,-5,2,6,0.0,-0.1,-0.2,-0.3,TOR,False,2024
Fraser Minten,19.0,C,4,0,0,0,0,2,3,0.0,-0.1,0.0,-0.1,TOR,False,2024
Ryan Reaves,37.0,RW,5,0,0,0,-4,12,2,0.0,-0.1,-0.1,-0.2,TOR,False,2024
Ilya Samsonov,26.0,G,4,0,0,0,0,0,0,0.0,0.0,0.0,-0.2,TOR,False,2024
Joseph Woll,25.0,G,2,0,0,0,0,0,0,0.0,0.0,0.0,0.6,TOR,False,2024
Tomáš Hertl,30.0,C,5,1,4,5,-1,2,11,9.1,0.3,0.1,0.4,SJS,False,2024
Filip Zadina,24.0,RW,5,2,0,2,-2,2,10,20.0,0.2,0.1,0.2,SJS,False,2024
Fabian Zetterlund,24.0,W,5,1,1,2,-2,2,9,11.1,0.1,0.0,0.2,SJS,False,2024
Henry Thrun,22.0,D,2,0,2,2,-1,0,1,0.0,0.2,0.0,0.2,SJS,False,2024
Thomas Bordeleau,22.0,C,4,1,0,1,-2,2,5,20.0,0.0,0.0,0.1,SJS,False,2024
Anthony Duclair,28.0,LW,5,1,0,1,-4,6,5,20.0,0.0,0.0,0.0,SJS,False,2024
William Eklund,21.0,LW,5,1,0,1,-2,0,5,20.0,0.0,0.1,0.0,SJS,False,2024
Matt Benning,29.0,D,5,0,1,1,-2,4,4,0.0,0.0,0.1,0.1,SJS,False,2024
Mario Ferraro,25.0,D,5,0,1,1,-5,4,14,0.0,0.0,0.0,-0.1,SJS,False,2024
Mike Hoffman,34.0,C,5,0,1,1,-1,2,8,0.0,-0.1,0.1,0.0,SJS,False,2024
Nikolai Knyzhov,25.0,D,4,0,1,1,-1,2,1,0.0,0.0,0.2,0.2,SJS,False,2024
Alexander Barabanov,29.0,F,5,0,0,0,-1,2,6,0.0,-0.2,0.1,-0.1,SJS,False,2024
Mackenzie Blackwood,27.0,G,3,0,0,0,0,2,0,0.0,0.0,0.0,0.7,SJS,False,2024
Kyle Burroughs,28.0,D,5,0,0,0,-3,7,6,0.0,-0.1,0.1,0.0,SJS,False,2024
Ty Emberson,23.0,D,1,0,0,0,-1,0,2,0.0,0.0,0.0,0.0,SJS,False,2024
Mikael Granlund,31.0,C,1,0,0,0,0,0,0,0.0,0.0,0.0,0.0,SJS,False,2024
Kaapo Kähkönen,27.0,G,2,0,0,0,0,0,0,0.0,0.0,0.0,0.3,SJS,False,2024
Luke Kunin,26.0,C,5,0,0,0,-3,7,9,0.0,-0.2,0.0,-0.2,SJS,False,2024
Kevin Labanc,28.0,RW,2,0,0,0,-2,0,5,0.0,-0.1,0.0,-0.1,SJS,False,2024
Jacob Peterson,24.0,C,3,0,0,0,-1,0,1,0.0,-0.1,0.0,-0.1,SJS,False,2024
Jan Rutta,33.0,D,5,0,0,0,-2,2,3,0.0,-0.1,0.1,0.0,SJS,False,2024
Givani Smith,25.0,RW,4,0,0,0,-3,2,9,0.0,-0.1,0.0,-0.2,SJS,False,2024
Nico Sturm,28.0,C,5,0,0,0,-5,0,3,0.0,-0.2,-0.1,-0.3,SJS,False,2024
Marc-Édouard Vlasic,36.0,D,4,0,0,0,-1,0,2,0.0,0.0,0.0,0.0,SJS,False,2024
Jack Hughes,22.0,C,4,4,6,10,-2,4,22,18.2,1.1,0.0,1.1,NJD,False,2024
Jesper Bratt,25.0,W,4,3,5,8,1,2,10,30.0,0.8,0.1,0.9,NJD,False,2024
Dougie Hamilton,30.0,D,4,3,2,5,-2,2,15,20.0,0.6,0.1,0.7,NJD,False,2024
Erik Haula,32.0,LW,3,2,1,3,1,4,9,22.2,0.4,0.1,0.4,NJD,False,2024
Tyler Toffoli,31.0,C,4,1,2,3,-3,0,16,6.3,0.2,0.0,0.2,NJD,False,2024
Jonas Siegenthaler,26.0,D,4,0,3,3,-1,4,5,0.0,0.2,0.1,0.3,NJD,False,2024
John Marino,26.0,D,4,0,2,2,-1,4,3,0.0,0.1,0.1,0.2,NJD,False,2024
Timo Meier,27.0,RW,4,0,2,2,-3,8,7,0.0,0.0,0.0,0.0,NJD,False,2024
Ondřej Palát,32.0,LW,4,0,2,2,-2,2,5,0.0,0.0,0.0,0.0,NJD,False,2024
Luke Hughes,20.0,D,4,1,0,1,0,2,6,16.7,0.1,0.2,0.3,NJD,False,2024
Michael McLeod,25.0,C,4,1,0,1,-2,2,6,16.7,0.0,0.0,0.0,NJD,False,2024
Alexander Holtz,22.0,RW,4,0,1,1,0,0,5,0.0,0.0,0.1,0.0,NJD,False,2024
Akira Schmid,23.0,G,2,0,1,1,0,0,0,0.0,0.0,0.0,0.3,NJD,False,2024
Kevin Bahl,23.0,D,4,0,0,0,-1,0,1,0.0,-0.1,0.1,0.0,NJD,False,2024
Nathan Bastian,26.0,RW,3,0,0,0,-1,0,7,0.0,-0.1,0.0,-0.1,NJD,False,2024
Nico Hischier,25.0,C,4,0,0,0,1,2,7,0.0,-0.2,0.1,-0.1,NJD,False,2024
Curtis Lazar,28.0,C,3,0,0,0,-1,2,0,0.0,-0.1,0.0,-0.1,NJD,False,2024
Dawson Mercer,22.0,C,4,0,0,0,-1,0,4,0.0,-0.2,0.0,-0.1,NJD,False,2024
Tomáš Nosek,31.0,C,2,0,0,0,0,0,1,0.0,-0.1,0.0,0.0,NJD,False,2024
Brendan Smith,34.0,D,4,0,0,0,-2,2,7,0.0,-0.1,0.0,-0.1,NJD,False,2024
Chris Tierney,29.0,C,1,0,0,0,0,0,0,0.0,0.0,0.0,0.0,NJD,False,2024
Vítek Vaněček,28.0,G,2,0,0,0,0,0,0,0.0,0.0,0.0,0.3,NJD,False,2024
Artemi Panarin,32.0,LW,5,3,4,7,1,2,21,14.3,0.7,0.2,0.8,NYR,False,2024
Chris Kreider,32.0,LW,5,4,1,5,3,6,13,30.8,0.6,0.2,0.8,NYR,False,2024
Adam Fox,25.0,D,5,1,4,5,4,6,7,14.3,0.4,0.6,1.0,NYR,False,2024
Mika Zibanejad,30.0,C,5,0,5,5,3,2,14,0.0,0.2,0.2,0.5,NYR,False,2024
Filip Chytil,24.0,C,5,0,4,4,0,2,13,0.0,0.2,0.1,0.3,NYR,False,2024
K'Andre Miller,24.0,D,5,0,3,3,1,2,5,0.0,0.2,0.3,0.5,NYR,False,2024
Alexis Lafrenière,22.0,LW,5,2,0,2,1,2,5,40.0,0.2,0.1,0.3,NYR,False,2024
Erik Gustafsson,31.0,D,5,1,1,2,4,2,9,11.1,0.2,0.5,0.7,NYR,False,2024
Kaapo Kakko,22.0,RW,5,1,1,2,1,0,10,10.0,0.1,0.1,0.2,NYR,False,2024
Vincent Trocheck,30.0,C,5,1,1,2,0,9,8,12.5,0.0,0.1,0.2,NYR,False,2024
Jacob Trouba,29.0,D,5,1,1,2,0,16,10,10.0,0.2,0.3,0.4,NYR,False,2024
William Cuylle,21.0,LW,5,1,0,1,1,2,4,25.0,0.0,0.1,0.1,NYR,False,2024
Jimmy Vesey,30.0,LW,3,0,1,1,1,0,3,0.0,0.0,0.1,0.1,NYR,False,2024
Nick Bonino,35.0,C,5,0,0,0,0,0,2,0.0,-0.1,0.1,-0.1,NYR,False,2024
Barclay Goodrow,30.0,RW,5,0,0,0,0,12,3,0.0,-0.2,0.1,-0.1,NYR,False,2024
Zachary Jones,23.0,D,1,0,0,0,-2,0,4,0.0,0.0,-0.1,-0.1,NYR,False,2024
Ryan Lindgren,25.0,D,4,0,0,0,0,4,3,0.0,-0.1,0.2,0.1,NYR,False,2024
Tyler Pitlick,32.0,C,2,0,0,0,0,0,1,0.0,-0.1,0.0,0.0,NYR,False,2024
Jonathan Quick,38.0,G,2,0,0,0,0,0,0,0.0,0.0,0.0,0.3,NYR,False,2024
Braden Schneider,22.0,D,5,0,0,0,-1,2,7,0.0,-0.1,0.1,0.0,NYR,False,2024
Igor Shesterkin,28.0,G,4,0,0,0,0,2,0,0.0,0.0,0.0,0.3,NYR,False,2024
Blake Wheeler,37.0,RW,5,0,0,0,-3,0,10,0.0,-0.2,0.0,-0.2,NYR,False,2024
Chandler Stephenson,29.0,C,6,2,5,7,2,0,7,28.6,0.5,0.2,0.7,VEG,False,2024
Jack Eichel,27.0,C,6,3,3,6,3,0,32,9.4,0.5,0.2,0.7,VEG,False,2024
William Karlsson,31.0,C,6,2,4,6,6,2,11,18.2,0.5,0.3,0.8,VEG,False,2024
Mark Stone,31.0,RW,6,1,5,6,3,2,9,11.1,0.3,0.2,0.6,VEG,False,2024
Shea Theodore,28.0,D,6,1,5,6,6,0,15,6.7,0.5,0.7,1.2,VEG,False,2024
Nicolas Roy,26.0,C,6,3,1,4,2,0,12,25.0,0.4,0.2,0.6,VEG,False,2024
Paul Cotter,24.0,C,6,1,3,4,0,6,6,16.7,0.2,0.1,0.3,VEG,False,2024
Jonathan Marchessault,33.0,C,6,3,0,3,2,2,20,15.0,0.3,0.2,0.5,VEG,False,2024
Michael Amadio,27.0,C,6,1,2,3,4,0,7,14.3,0.2,0.2,0.4,VEG,False,2024
Nicolas Hague,25.0,D,6,1,2,3,-1,7,8,12.5,0.2,0.2,0.4,VEG,False,2024
Brett Howden,25.0,C,4,1,2,3,2,15,3,33.3,0.2,0.1,0.4,VEG,False,2024
Kaedan Korczak,23.0,D,3,1,2,3,1,0,4,25.0,0.3,0.2,0.5,VEG,False,2024
Brayden McNabb,33.0,D,6,0,3,3,8,8,5,0.0,0.1,0.8,0.9,VEG,False,2024
Alec Martinez,36.0,D,2,1,1,2,0,0,3,33.3,0.2,0.1,0.3,VEG,False,2024
Jonas Røndbjerg,24.0,RW,2,1,1,2,2,0,4,25.0,0.2,0.1,0.3,VEG,False,2024
Ivan Barbashev,28.0,C,6,1,0,1,1,6,8,12.5,-0.1,0.1,0.1,VEG,False,2024
Brayden Pachal,24.0,D,6,1,0,1,1,2,4,25.0,0.1,0.3,0.3,VEG,False,2024
Pavel Dorofeyev,23.0,LW,2,0,1,1,1,2,3,0.0,0.0,0.1,0.1,VEG,False,2024
Ben Hutton,30.0,D,5,0,1,1,3,5,8,0.0,0.0,0.4,0.4,VEG,False,2024
Keegan Kolesar,26.0,RW,6,0,1,1,0,14,7,0.0,-0.1,0.1,0.0,VEG,False,2024
Alex Pietrangelo,34.0,D,2,0,1,1,0,0,3,0.0,0.0,0.1,0.1,VEG,False,2024
William Carrier,29.0,LW,4,0,0,0,-1,2,4,0.0,-0.1,0.0,-0.1,VEG,False,2024
Adin Hill,27.0,G,4,0,0,0,0,0,0,0.0,0.0,0.0,0.9,VEG,False,2024
Logan Thompson,26.0,G,2,0,0,0,0,0,0,0.0,0.0,0.0,0.5,VEG,False,2024
Corey Perry,38.0,RW,6,2,3,5,-1,2,9,22.2,0.4,0.1,0.5,CHI,False,2024
Connor Bedard,18.0,C,6,2,2,4,-4,2,22,9.1,0.2,0.0,0.3,CHI,False,2024
Tyler Johnson,33.0,C,6,3,0,3,-2,2,10,30.0,0.3,0.1,0.4,CHI,False,2024
Ryan Donato,27.0,C,6,1,2,3,1,0,16,6.3,0.1,0.2,0.3,CHI,False,2024
Nick Foligno,36.0,LW,6,1,2,3,0,0,11,9.1,0.1,0.2,0.3,CHI,False,2024
Andreas Athanasiou,29.0,C,6,0,3,3,-1,0,13,0.0,0.1,0.1,0.1,CHI,False,2024
Seth Jones,29.0,D,6,0,3,3,3,0,8,0.0,0.1,0.6,0.7,CHI,False,2024
Jason Dickinson,28.0,C,6,1,1,2,-2,23,5,20.0,0.1,0.1,0.1,CHI,False,2024
Taylor Raddysh,25.0,RW,6,1,1,2,0,4,13,7.7,0.0,0.2,0.2,CHI,False,2024
Taylor Hall,32.0,LW,5,0,2,2,-1,2,7,0.0,0.0,0.1,0.1,CHI,False,2024
Kevin Korchinski,19.0,D,6,0,2,2,-6,0,5,0.0,0.0,-0.1,-0.1,CHI,False,2024
Alex Vlasic,22.0,D,6,0,2,2,6,2,8,0.0,0.0,0.7,0.8,CHI,False,2024
Mackenzie Entwistle,24.0,RW,2,1,0,1,1,4,2,50.0,0.1,0.1,0.2,CHI,False,2024
Cole Guttman,24.0,C,3,1,0,1,-1,0,4,25.0,0.1,0.0,0.1,CHI,False,2024
Reese Johnson,25.0,F,2,1,0,1,0,2,2,50.0,0.1,0.0,0.2,CHI,False,2024
Boris Katchouk,25.0,LW,6,0,1,1,2,0,4,0.0,-0.1,0.2,0.1,CHI,False,2024
Connor Murphy,30.0,D,6,0,1,1,-6,7,1,0.0,0.0,-0.2,-0.2,CHI,False,2024
Wyatt Kaiser,21.0,D,6,0,0,0,1,6,3,0.0,-0.1,0.3,0.2,CHI,False,2024
Petr Mrázek,31.0,G,3,0,0,0,0,0,0,0.0,0.0,0.0,0.9,CHI,False,2024
Lukas Reichel,21.0,LW,6,0,0,0,-6,2,15,0.0,-0.2,-0.1,-0.3,CHI,False,2024
Arvid Söderblom,24.0,G,3,0,0,0,0,0,0,0.0,0.0,0.0,0.6,CHI,False,2024
Jarred Tinordi,31.0,D,4,0,0,0,0,0,2,0.0,-0.1,0.1,0.1,CHI,False,2024
Nikita Zaitsev,32.0,D,2,0,0,0,-1,2,0,0.0,0.0,0.0,0.0,CHI,False,2024
Travis Konecny,26.0,C,5,5,2,7,2,14,17,29.4,1.0,0.2,1.1,PHI,False,2024
Sean Couturier,31.0,C,5,1,3,4,4,4,11,9.1,0.2,0.3,0.5,PHI,False,2024
Scott Laughton,29.0,C,5,0,4,4,2,2,19,0.0,0.2,0.2,0.4,PHI,False,2024
Travis Sanheim,27.0,D,5,0,4,4,2,6,11,0.0,0.2,0.4,0.6,PHI,False,2024
Cam Atkinson,34.0,RW,5,3,0,3,-1,2,14,21.4,0.4,0.1,0.4,PHI,False,2024
Joel Farabee,23.0,LW,5,3,0,3,4,2,12,25.0,0.4,0.2,0.6,PHI,False,2024
Sean Walker,29.0,D,5,2,1,3,0,0,7,28.6,0.4,0.2,0.6,PHI,False,2024
Yegor Zamula,23.0,D,3,1,2,3,5,2,5,20.0,0.3,0.4,0.8,PHI,False,2024
Bobby Brink,22.0,RW,4,0,2,2,3,0,11,0.0,0.0,0.2,0.2,PHI,False,2024
Noah Cates,24.0,LW,5,0,2,2,1,0,4,0.0,0.0,0.1,0.1,PHI,False,2024
Owen Tippett,24.0,RW,5,0,2,2,-1,0,15,0.0,0.0,0.1,0.0,PHI,False,2024
Cameron York,23.0,D,5,1,0,1,-1,6,10,10.0,0.1,0.1,0.2,PHI,False,2024
Tyson Foerster,22.0,RW,4,0,1,1,-1,2,8,0.0,-0.1,0.0,0.0,PHI,False,2024
Carter Hart,25.0,G,4,0,1,1,0,0,0,0.0,0.0,0.0,0.9,PHI,False,2024
Emil Andrae,21.0,D,3,0,0,0,-1,0,0,0.0,0.0,0.0,-0.1,PHI,False,2024
Nicolas Deslauriers,32.0,LW,5,0,0,0,-1,2,9,0.0,-0.1,0.0,-0.1,PHI,False,2024
Samuel Ersson,24.0,G,1,0,0,0,0,0,0,0.0,0.0,0.0,-0.1,PHI,False,2024
Morgan Frost,24.0,C,2,0,0,0,-1,0,2,0.0,-0.1,0.0,-0.1,PHI,False,2024
Garnet Hathaway,32.0,RW,5,0,0,0,-2,6,6,0.0,-0.2,0.0,-0.2,PHI,False,2024
Ryan Poehling,25.0,C,5,0,0,0,0,0,5,0.0,-0.2,0.1,-0.1,PHI,False,2024
Nick Seeler,30.0,D,5,0,0,0,5,24,3,0.0,-0.1,0.5,0.4,PHI,False,2024
Marc Staal,37.0,D,4,0,0,0,0,4,3,0.0,-0.1,0.1,0.0,PHI,False,2024
Nikita Kucherov,30.0,RW,6,6,3,9,-3,2,26,23.1,1.1,0.1,1.2,TBL,False,2024
Brayden Point,27.0,C,6,0,7,7,-5,2,14,0.0,0.3,0.0,0.3,TBL,False,2024
Brandon Hagel,25.0,LW,6,4,2,6,-4,0,16,25.0,0.7,0.0,0.7,TBL,False,2024
Steven Stamkos,33.0,C,4,2,4,6,-3,2,15,13.3,0.6,0.0,0.6,TBL,False,2024
Victor Hedman,33.0,D,6,1,5,6,-2,2,14,7.1,0.5,0.3,0.8,TBL,False,2024
Nick Paul,28.0,LW,6,3,2,5,-4,0,11,27.3,0.5,0.0,0.5,TBL,False,2024
Anthony Cirelli,26.0,C,6,1,2,3,0,2,10,10.0,0.1,0.2,0.2,TBL,False,2024
Tanner Jeannot,26.0,F,6,1,2,3,-1,7,7,14.3,0.2,0.1,0.2,TBL,False,2024
Michael Eyssimont,27.0,C,6,1,1,2,1,2,13,7.7,0.1,0.1,0.2,TBL,False,2024
Darren Raddysh,27.0,D,6,0,2,2,-5,4,9,0.0,0.0,0.0,0.0,TBL,False,2024
Mikhail Sergachev,25.0,D,6,0,2,2,-8,4,9,0.0,0.0,-0.2,-0.1,TBL,False,2024
Alex Barré-Boulet,26.0,F,4,1,0,1,-3,2,7,14.3,0.0,0.0,0.0,TBL,False,2024
Nicklaus Perbix,25.0,D,6,0,1,1,-1,2,5,0.0,0.0,0.2,0.2,TBL,False,2024
Conor Sheary,31.0,LW,6,0,1,1,-5,2,6,0.0,-0.1,-0.1,-0.2,TBL,False,2024
Zach Bogosian,33.0,D,2,0,0,0,0,0,1,0.0,0.0,0.1,0.0,TBL,False,2024
Erik Černák,26.0,D,6,0,0,0,-3,4,2,0.0,-0.1,0.1,0.0,TBL,False,2024
Calvin de Haan,32.0,D,4,0,0,0,-2,0,1,0.0,-0.1,0.0,0.0,TBL,False,2024
Haydn Fleury,27.0,D,1,0,0,0,1,0,0,0.0,0.0,0.1,0.1,TBL,False,2024
Luke Glendening,34.0,C,6,0,0,0,-2,0,3,0.0,-0.2,0.0,-0.2,TBL,False,2024
Jonas Johansson,28.0,G,5,0,0,0,0,0,0,0.0,0.0,0.0,1.0,TBL,False,2024
Waltteri Merela,25.0,F,6,0,0,0,-1,0,6,0.0,-0.2,0.1,-0.1,TBL,False,2024
Tyler Motte,28.0,C,1,0,0,0,0,0,0,0.0,0.0,0.0,0.0,TBL,False,2024
Matt Tomkins,29.0,G,1,0,0,0,0,0,0,0.0,0.0,0.0,0.2,TBL,False,2024
Austin Watson,32.0,LW,2,0,0,0,-1,5,0,0.0,0.0,0.0,-0.1,TBL,False,2024
Filip Forsberg,29.0,C,6,1,4,5,1,6,29,3.4,0.3,0.1,0.4,NSH,False,2024
Thomas Novak,26.0,C,6,4,0,4,1,2,13,30.8,0.6,0.1,0.7,NSH,False,2024
Ryan O'Reilly,32.0,C,6,2,2,4,0,2,15,13.3,0.3,0.1,0.4,NSH,False,2024
Gustav Nyquist,34.0,RW,6,1,3,4,2,0,14,7.1,0.2,0.2,0.4,NSH,False,2024
Tyson Barrie,32.0,D,6,0,4,4,1,0,8,0.0,0.2,0.3,0.5,NSH,False,2024
Colton Sissons,30.0,C,6,3,0,3,1,8,10,30.0,0.3,0.1,0.5,NSH,False,2024
Juuso Pärssinen,22.0,C,6,2,1,3,1,4,9,22.2,0.2,0.1,0.3,NSH,False,2024
Cole Smith,28.0,F,6,2,1,3,2,7,8,25.0,0.3,0.1,0.4,NSH,False,2024
Luke Evangelista,21.0,RW,6,1,2,3,1,0,14,7.1,0.2,0.1,0.3,NSH,False,2024
Kiefer Sherwood,28.0,RW,6,1,2,3,5,7,8,12.5,0.2,0.2,0.4,NSH,False,2024
Roman Josi,33.0,D,6,0,3,3,1,6,23,0.0,0.1,0.3,0.4,NSH,False,2024
Alexandre Carrier,27.0,D,6,0,2,2,1,0,6,0.0,0.0,0.3,0.3,NSH,False,2024
Ryan McDonagh,34.0,D,6,0,2,2,1,0,5,0.0,0.0,0.3,0.3,NSH,False,2024
Samuel Fagemo,23.0,LW,1,1,0,1,0,0,4,25.0,0.2,0.0,0.2,NSH,False,2024
Dante Fabbro,25.0,D,5,0,1,1,3,2,5,0.0,0.0,0.4,0.4,NSH,False,2024
Michael McCarron,28.0,RW,2,0,1,1,1,0,1,0.0,0.0,0.1,0.1,NSH,False,2024
Philip Tomasino,22.0,C,4,0,1,1,-1,2,2,0.0,0.0,0.0,0.0,NSH,False,2024
Cody Glass,24.0,C,5,0,0,0,0,2,9,0.0,-0.2,0.1,-0.1,NSH,False,2024
Kevin Lankinen,28.0,G,1,0,0,0,0,0,0,0.0,0.0,0.0,0.1,NSH,False,2024
Jeremy Lauzon,26.0,D,6,0,0,0,3,4,8,0.0,-0.1,0.4,0.3,NSH,False,2024
Juuse Saros,28.0,G,6,0,0,0,0,0,0,0.0,0.0,0.0,1.0,NSH,False,2024
Luke Schenn,34.0,D,1,0,0,0,0,0,0,0.0,0.0,0.0,0.0,NSH,False,2024
Yakov Trenin,27.0,C,6,0,0,0,1,2,16,0.0,-0.2,0.1,-0.1,NSH,False,2024
Rasmus Dahlin,23.0,D,6,0,6,6,-3,6,17,0.0,0.4,0.3,0.6,BUF,False,2024
Dylan Cozens,22.0,C,6,2,3,5,-2,0,17,11.8,0.4,0.1,0.5,BUF,False,2024
Jeff Skinner,31.0,LW,6,3,1,4,-2,2,19,15.8,0.3,0.1,0.5,BUF,False,2024
Casey Mittelstadt,25.0,C,6,1,3,4,1,4,7,14.3,0.2,0.2,0.4,BUF,False,2024
Jordan Greenway,26.0,LW,6,1,2,3,-1,2,6,16.7,0.1,0.1,0.2,BUF,False,2024
John-Jason Peterka,22.0,RW,6,2,0,2,-1,2,14,14.3,0.1,0.1,0.2,BUF,False,2024
Mattias Samuelsson,23.0,D,6,1,1,2,2,2,5,20.0,0.1,0.5,0.7,BUF,False,2024
Zach Benson,18.0,LW,4,0,2,2,-1,2,4,0.0,0.0,0.1,0.1,BUF,False,2024
Henri Jokiharju,24.0,D,6,0,2,2,1,2,5,0.0,0.1,0.4,0.5,BUF,False,2024
Owen Power,21.0,D,6,0,2,2,1,0,9,0.0,0.0,0.6,0.6,BUF,False,2024
Zemgus Girgensons,30.0,C,6,1,0,1,-1,5,6,16.7,0.0,0.1,0.1,BUF,False,2024
Erik Johnson,35.0,D,6,1,0,1,-5,0,7,14.3,0.1,-0.1,0.0,BUF,False,2024
Tage Thompson,26.0,C,6,1,0,1,-4,0,29,3.4,-0.1,0.1,-0.1,BUF,False,2024
Tyson Jost,25.0,C,4,0,1,1,1,2,8,0.0,0.0,0.1,0.1,BUF,False,2024
Kyle Okposo,35.0,RW,6,0,1,1,0,4,6,0.0,-0.1,0.1,0.0,BUF,False,2024
Alex Tuch,27.0,RW,6,0,1,1,-4,11,10,0.0,-0.2,0.1,-0.2,BUF,False,2024
Connor Clifton,28.0,D,6,0,0,0,-6,6,9,0.0,-0.1,-0.1,-0.2,BUF,False,2024
Eric Comrie,28.0,G,2,0,0,0,0,0,0,0.0,0.0,0.0,0.4,BUF,False,2024
Peyton Krebs,23.0,C,6,0,0,0,-2,4,4,0.0,-0.2,0.1,-0.1,BUF,False,2024
Devon Levi,22.0,G,4,0,0,0,0,0,0,0.0,0.0,0.0,0.5,BUF,False,2024
Victor Olofsson,28.0,RW,4,0,0,0,-2,0,9,0.0,-0.1,0.0,-0.1,BUF,False,2024
Vince Dunn,27.0,D,6,1,4,5,-4,6,12,8.3,0.4,0.2,0.6,SEA,False,2024
Oliver Bjorkstrand,28.0,RW,6,1,3,4,-2,0,12,8.3,0.2,0.1,0.4,SEA,False,2024
Jared McCann,27.0,C,6,2,0,2,-6,9,17,11.8,0.1,0.0,0.1,SEA,False,2024
Jaden Schwartz,31.0,C,6,2,0,2,-8,2,14,14.3,0.1,-0.1,0.0,SEA,False,2024
Kailer Yamamoto,25.0,RW,6,1,1,2,-3,0,6,16.7,0.1,0.1,0.1,SEA,False,2024
William Borgen,27.0,D,6,0,2,2,-2,2,9,0.0,0.1,0.2,0.3,SEA,False,2024
André Burakovsky,28.0,LW,6,0,2,2,-2,0,14,0.0,-0.1,0.1,0.1,SEA,False,2024
Eeli Tolvanen,24.0,RW,6,0,2,2,-3,0,7,0.0,-0.1,0.1,0.0,SEA,False,2024
Pierre-Édouard Bellemare,38.0,LW,6,1,0,1,1,0,7,14.3,0.0,0.2,0.2,SEA,False,2024
Yanni Gourde,32.0,C,6,1,0,1,0,16,12,8.3,-0.1,0.2,0.1,SEA,False,2024
Tye Kartye,22.0,F,5,1,0,1,1,7,12,8.3,0.0,0.2,0.2,SEA,False,2024
Justin Schultz,33.0,D,6,1,0,1,-4,4,9,11.1,0.1,0.0,0.1,SEA,False,2024
Matthew Beniers,21.0,C,6,0,1,1,-8,0,9,0.0,-0.2,0.0,-0.2,SEA,False,2024
Brian Dumoulin,32.0,D,6,0,1,1,-3,2,3,0.0,0.0,0.1,0.1,SEA,False,2024
Jordan Eberle,33.0,RW,6,0,1,1,-8,5,8,0.0,-0.2,-0.1,-0.2,SEA,False,2024
Alexander Wennberg,29.0,C,6,0,1,1,-2,4,10,0.0,-0.2,0.2,0.0,SEA,False,2024
Joey Daccord,27.0,G,2,0,0,0,0,0,0,0.0,0.0,0.0,0.4,SEA,False,2024
Philipp Grubauer,32.0,G,4,0,0,0,0,0,0,0.0,0.0,0.0,0.5,SEA,False,2024
Adam Larsson,31.0,D,6,0,0,0,-2,4,12,0.0,-0.2,0.3,0.2,SEA,False,2024
Jamie Oleksiak,31.0,D,6,0,0,0,-2,4,6,0.0,-0.1,0.3,0.1,SEA,False,2024
Brandon Tanev,32.0,LW,1,0,0,0,-1,0,1,0.0,0.0,0.0,0.0,SEA,False,2024
Frank Vatrano,29.0,LW,5,4,1,5,2,10,20,20.0,0.6,0.2,0.8,ANA,False,2024
Mason McTavish,21.0,C,5,2,2,4,1,8,13,15.4,0.3,0.1,0.5,ANA,False,2024
Ryan Strome,30.0,C,5,0,4,4,1,4,8,0.0,0.1,0.1,0.3,ANA,False,2024
Troy Terry,26.0,C,5,1,2,3,1,6,16,6.3,0.1,0.1,0.3,ANA,False,2024
Cam Fowler,32.0,D,5,1,1,2,0,0,4,25.0,0.1,0.2,0.3,ANA,False,2024
Pavel Mintyukov,20.0,D,5,1,1,2,1,0,8,12.5,0.2,0.2,0.4,ANA,False,2024
Jamie Drysdale,21.0,D,2,0,2,2,2,0,3,0.0,0.1,0.2,0.4,ANA,False,2024
Adam Henrique,33.0,C,4,0,2,2,-2,2,2,0.0,0.0,0.0,0.0,ANA,False,2024
Leo Carlsson,19.0,C,2,1,0,1,2,2,6,16.7,0.1,0.1,0.2,ANA,False,2024
Sam Carrick,31.0,C,5,1,0,1,-1,12,4,25.0,0.1,0.0,0.1,ANA,False,2024
Jackson LaCombe,23.0,D,5,0,1,1,1,0,4,0.0,0.0,0.2,0.2,ANA,False,2024
Brett Leason,24.0,RW,5,0,1,1,-1,2,10,0.0,-0.1,0.0,0.0,ANA,False,2024
Jakob Silfverberg,33.0,LW,5,0,1,1,0,2,7,0.0,-0.1,0.1,0.0,ANA,False,2024
Trevor Zegras,22.0,C,5,0,1,1,0,6,17,0.0,-0.2,0.1,-0.1,ANA,False,2024
Lukáš Dostál,23.0,G,2,0,0,0,0,0,0,0.0,0.0,0.0,0.4,ANA,False,2024
John Gibson,30.0,G,3,0,0,0,0,0,0,0.0,0.0,0.0,0.5,ANA,False,2024
Benoit-Olivier Groulx,23.0,C,5,0,0,0,0,0,2,0.0,-0.2,0.1,-0.1,ANA,False,2024
Radko Gudas,33.0,D,5,0,0,0,0,20,2,0.0,-0.1,0.1,0.0,ANA,False,2024
Ross Johnston,29.0,LW,5,0,0,0,-1,7,3,0.0,-0.1,0.0,-0.1,ANA,False,2024
Max Jones,25.0,LW,4,0,0,0,-1,4,5,0.0,-0.1,0.0,-0.1,ANA,False,2024
Tristan Luneau,20.0,D,2,0,0,0,-1,0,1,0.0,0.0,0.0,-0.1,ANA,False,2024
Ilya Lyubushkin,29.0,D,5,0,0,0,3,4,5,0.0,-0.1,0.4,0.2,ANA,False,2024
Urho Vaakanainen,25.0,D,1,0,0,0,0,0,1,0.0,0.0,0.0,0.0,ANA,False,2024
Leon Draisaitl,28.0,C,5,4,5,9,0,8,18,22.2,0.8,0.2,1.0,EDM,False,2024
Connor McDavid,27.0,C,5,2,6,8,-3,6,13,15.4,0.6,0.0,0.6,EDM,False,2024
Zach Hyman,31.0,LW,5,2,4,6,-1,2,14,14.3,0.5,0.1,0.5,EDM,False,2024
Ryan Nugent-Hopkins,30.0,C,5,2,4,6,0,6,14,14.3,0.4,0.1,0.6,EDM,False,2024
Evan Bouchard,24.0,D,5,1,4,5,-5,2,19,5.3,0.4,-0.1,0.3,EDM,False,2024
Warren Foegele,27.0,LW,5,1,1,2,0,0,12,8.3,0.1,0.1,0.2,EDM,False,2024
Darnell Nurse,28.0,D,5,1,0,1,0,4,14,7.1,0.0,0.3,0.3,EDM,False,2024
Cody Ceci,30.0,D,5,0,1,1,1,2,3,0.0,0.0,0.3,0.3,EDM,False,2024
Evander Kane,32.0,LW,5,0,1,1,-6,7,11,0.0,-0.2,-0.1,-0.2,EDM,False,2024
Philip Broberg,22.0,D,4,0,0,0,-1,0,1,0.0,-0.1,0.1,0.0,EDM,False,2024
Connor Brown,30.0,RW,5,0,0,0,-4,0,4,0.0,-0.2,0.0,-0.2,EDM,False,2024
Jack Campbell,32.0,G,3,0,0,0,0,0,0,0.0,0.0,0.0,0.5,EDM,False,2024
Vincent Desharnais,27.0,D,3,0,0,0,-1,5,1,0.0,0.0,0.0,0.0,EDM,False,2024
Mattias Ekholm,33.0,D,4,0,0,0,-3,4,7,0.0,-0.1,0.0,-0.1,EDM,False,2024
Adam Erne,28.0,LW,3,0,0,0,0,5,2,0.0,-0.1,0.0,0.0,EDM,False,2024
Dylan Holloway,22.0,C,5,0,0,0,-2,2,9,0.0,-0.2,0.0,-0.1,EDM,False,2024
Mattias Janmark,31.0,C,5,0,0,0,-2,4,3,0.0,-0.2,0.0,-0.2,EDM,False,2024
Brett Kulak,30.0,D,5,0,0,0,-3,2,8,0.0,-0.1,0.0,-0.1,EDM,False,2024
Ryan McLeod,24.0,C,5,0,0,0,-2,0,3,0.0,-0.2,0.0,-0.2,EDM,False,2024
Derek Ryan,37.0,C,5,0,0,0,-1,0,4,0.0,-0.1,0.0,-0.1,EDM,False,2024
Stuart Skinner,25.0,G,3,0,0,0,0,0,0,0.0,0.0,0.0,-0.2,EDM,False,2024
Elias Lindholm,29.0,C,6,2,4,6,-1,4,16,12.5,0.4,0.2,0.5,CGY,False,2024
Andrew Mangiapane,27.0,LW,6,3,2,5,2,6,7,42.9,0.5,0.2,0.7,CGY,False,2024
Jonathan Huberdeau,30.0,LW,6,2,2,4,-6,2,11,18.2,0.3,0.0,0.2,CGY,False,2024
Adam Ružička,24.0,C,6,2,2,4,-1,0,6,33.3,0.3,0.1,0.4,CGY,False,2024
Noah Hanifin,27.0,D,6,0,4,4,-4,0,12,0.0,0.2,0.1,0.3,CGY,False,2024
Rasmus Andersson,27.0,D,5,1,2,3,1,15,13,7.7,0.2,0.4,0.6,CGY,False,2024
Dillon Dubé,25.0,C,6,1,2,3,-5,6,10,10.0,0.1,0.0,0.1,CGY,False,2024
Walker Duehr,26.0,F,6,1,2,3,1,2,4,25.0,0.2,0.1,0.3,CGY,False,2024
Blake Coleman,32.0,C,6,1,1,2,-2,4,14,7.1,0.0,0.1,0.1,CGY,False,2024
Matthew Coronato,21.0,RW,6,1,1,2,-6,2,12,8.3,0.0,-0.1,0.0,CGY,False,2024
Yegor Sharangovich,25.0,C,6,1,1,2,-2,0,10,10.0,0.1,0.1,0.1,CGY,False,2024
Mikael Backlund,34.0,C,6,0,2,2,0,4,21,0.0,-0.1,0.2,0.1,CGY,False,2024
Nikita Zadorov,28.0,D,6,0,2,2,-6,6,9,0.0,0.0,-0.1,-0.1,CGY,False,2024
MacKenzie Weegar,30.0,D,6,1,0,1,-1,2,17,5.9,0.0,0.3,0.3,CGY,False,2024
Dennis Gilbert,27.0,D,5,0,1,1,-1,0,3,0.0,0.0,0.1,0.1,CGY,False,2024
A.J. Greer,27.0,LW,6,0,1,1,0,4,6,0.0,-0.1,0.1,0.0,CGY,False,2024
Nazem Kadri,33.0,C,6,0,1,1,-8,7,19,0.0,-0.2,-0.1,-0.3,CGY,False,2024
Jacob Markström,34.0,G,4,0,0,0,0,0,0,0.0,0.0,0.0,0.6,CGY,False,2024
Jordan Oesterle,31.0,D,2,0,0,0,-2,0,2,0.0,0.0,-0.1,-0.1,CGY,False,2024
Chris Tanev,34.0,D,6,0,0,0,-3,0,10,0.0,-0.1,0.1,0.0,CGY,False,2024
Daniel Vladař,26.0,G,2,0,0,0,0,0,0,0.0,0.0,0.0,0.0,CGY,False,2024
Mark Scheifele,30.0,C,5,4,2,6,-3,9,12,33.3,0.7,0.0,0.7,WPG,False,2024
Josh Morrissey,28.0,D,5,1,5,6,1,6,15,6.7,0.5,0.3,0.8,WPG,False,2024
Kyle Connor,27.0,LW,5,3,2,5,-4,0,23,13.0,0.5,0.0,0.4,WPG,False,2024
Alex Iafallo,30.0,C,5,3,1,4,1,2,16,18.8,0.4,0.1,0.6,WPG,False,2024
Dylan DeMelo,30.0,D,5,1,3,4,4,0,7,14.3,0.3,0.5,0.8,WPG,False,2024
Vladislav Namestnikov,31.0,C,5,1,2,3,0,0,10,10.0,0.2,0.1,0.3,WPG,False,2024
Mason Appleton,28.0,C,5,1,1,2,-3,2,7,14.3,0.1,0.0,0.0,WPG,False,2024
Morgan Barron,25.0,C,5,1,1,2,-1,4,4,25.0,0.1,0.0,0.2,WPG,False,2024
Cole Perfetti,22.0,C,5,1,1,2,0,4,11,9.1,0.1,0.1,0.2,WPG,False,2024
Nikolaj Ehlers,27.0,LW,5,0,2,2,-3,2,10,0.0,0.0,0.0,-0.1,WPG,False,2024
Adam Lowry,30.0,LW,5,0,2,2,1,2,4,0.0,0.0,0.1,0.1,WPG,False,2024
Nino Niederreiter,31.0,RW,5,0,2,2,1,4,9,0.0,0.0,0.1,0.1,WPG,False,2024
Rasmus Kupari,23.0,C,5,0,1,1,-3,0,11,0.0,-0.1,0.0,-0.1,WPG,False,2024
Neal Pionk,28.0,D,5,0,1,1,-4,4,7,0.0,0.0,-0.1,-0.2,WPG,False,2024
Dylan Samberg,25.0,D,5,0,1,1,3,25,1,0.0,0.0,0.3,0.3,WPG,False,2024
Gabriel Vilardi,24.0,C,3,0,1,1,-1,0,9,0.0,0.0,0.0,0.0,WPG,False,2024
Laurent Brossoit,30.0,G,1,0,0,0,0,0,0,0.0,0.0,0.0,0.0,WPG,False,2024
Brenden Dillon,33.0,D,5,0,0,0,-7,9,4,0.0,-0.1,-0.4,-0.5,WPG,False,2024
David Gustafsson,23.0,C,2,0,0,0,0,0,1,0.0,-0.1,0.0,0.0,WPG,False,2024
Connor Hellebuyck,30.0,G,4,0,0,0,0,0,0,0.0,0.0,0.0,0.3,WPG,False,2024
Nate Schmidt,32.0,D,4,0,0,0,-3,0,4,0.0,-0.1,-0.1,-0.2,WPG,False,2024
Logan Stanley,25.0,D,1,0,0,0,0,2,0,0.0,0.0,0.0,0.0,WPG,False,2024
Cole Caufield,23.0,RW,5,3,2,5,1,2,17,17.6,0.5,0.1,0.6,MTL,False,2024
Tanner Pearson,31.0,LW,5,3,2,5,3,2,12,25.0,0.6,0.1,0.8,MTL,False,2024
Sean Monahan,29.0,C,5,2,3,5,5,6,10,20.0,0.4,0.2,0.7,MTL,False,2024
Alex Newhook,23.0,C,5,3,1,4,0,4,7,42.9,0.5,0.0,0.5,MTL,False,2024
Brendan Gallagher,31.0,RW,5,2,1,3,2,4,8,25.0,0.3,0.1,0.4,MTL,False,2024
Nick Suzuki,24.0,C,5,0,3,3,-3,4,12,0.0,0.0,0.0,0.0,MTL,False,2024
Kirby Dach,23.0,C,2,0,2,2,2,0,3,0.0,0.1,0.1,0.2,MTL,False,2024
Rafaël Harvey-Pinard,25.0,LW,5,0,2,2,-1,2,6,0.0,0.0,0.0,0.0,MTL,False,2024
Mike Matheson,29.0,D,5,0,2,2,-1,6,15,0.0,0.0,0.0,0.1,MTL,False,2024
David Savard,33.0,D,5,0,2,2,0,2,4,0.0,0.1,0.1,0.2,MTL,False,2024
Arber Xhekaj,23.0,D,5,0,2,2,2,23,6,0.0,0.1,0.2,0.3,MTL,False,2024
Justin Barron,22.0,D,2,1,0,1,1,2,1,100.0,0.2,0.1,0.3,MTL,False,2024
Jake Evans,27.0,C,5,1,0,1,-1,2,5,20.0,0.0,0.0,0.0,MTL,False,2024
Jesse Ylönen,24.0,RW,5,1,0,1,-1,2,4,25.0,0.0,0.0,0.0,MTL,False,2024
Josh Anderson,29.0,RW,5,0,1,1,0,22,12,0.0,-0.1,0.0,-0.1,MTL,False,2024
Kaiden Guhle,22.0,D,3,0,1,1,4,4,7,0.0,0.0,0.3,0.4,MTL,False,2024
Juraj Slafkovsky,19.0,LW,5,0,1,1,2,4,6,0.0,-0.1,0.1,0.0,MTL,False,2024
Jake Allen,33.0,G,3,0,0,0,0,0,0,0.0,0.0,0.0,0.9,MTL,False,2024
Jordan Harris,23.0,D,5,0,0,0,-1,2,3,0.0,-0.1,0.0,-0.1,MTL,False,2024
Johnathan Kovacevic,26.0,D,5,0,0,0,4,0,2,0.0,-0.1,0.4,0.3,MTL,False,2024
Sam Montembeault,27.0,G,2,0,0,0,0,0,0,0.0,0.0,0.0,0.3,MTL,False,2024
Michael Pezzetta,25.0,C,3,0,0,0,0,10,3,0.0,-0.1,0.0,0.0,MTL,False,2024
